model,valid_auc,valid_logloss,valid_f1,valid_stage_score,test_auc,test_logloss,test_f1,params
random_forest,0.829093559741789,0.4627612675183121,0.6752636336245857,0.6064502175226584,0.8180991488710685,0.4758887996886267,0.6588079629518253,"{'class_weight': None, 'max_depth': 6, 'max_features': 0.7, 'min_samples_leaf': 3, 'min_samples_split': 8}"
lightgbm,0.829643473950711,0.4626993667072095,0.668952847519902,0.6060968443836497,0.8184135129917132,0.47567434379059936,0.654320987654321,"{'bagging_fraction': 0.5478435426378806, 'feature_fraction': 0.7224341953661177, 'learning_rate': 0.15691373194687436, 'min_child_samples': 57, 'min_split_gain': 0.22978479996833417, 'num_leaves': 17, 'reg_lambda': 0.0010091208397039907}"
xgboost,0.8287477857327801,0.46308561007354637,0.6733680513503694,0.605593066383853,0.816984518639769,0.47680032463160443,0.6593751888331622,"{'colsample_bytree': 0.9418100178668833, 'gamma': 1.9260858347338428, 'learning_rate': 0.21787519077230988, 'max_depth': 3, 'min_child_weight': 9, 'reg_lambda': 0.022827710613058133, 'subsample': 0.9843109529665051}"
catboost,0.8292272991074356,0.4627683764752894,0.6644452671849932,0.6049562256524821,0.8184398984067861,0.47583988644003317,0.6509218721095147,"{'depth': 6, 'l2_leaf_reg': 8.226513158087139, 'learning_rate': 0.14315037187548077, 'random_strength': 0.06973282906850563}"
log_reg,0.823742455894263,0.48711766960055053,0.6007141356857802,0.5728672075267447,0.8139921198348273,0.4973240125799395,0.5924273063245241,"{'C': 0.008698702256204161, 'class_weight': None, 'penalty': 'l1', 'solver': 'liblinear'}"
knn,0.815682695305895,0.48159632624105525,0.6198402130492676,0.5715412988945465,0.8069706328631325,0.4900275329038141,0.612657892996495,"{'n_neighbors': 128, 'p': 1, 'weights': 'uniform'}"
adaboost,0.8251275516817016,0.518775229423811,0.6578060651441408,0.560655800856655,0.8147582378079953,0.5238271755018297,0.6446868183234653,{'learning_rate': 0.2784808069643497}
naive_bayes,0.7780004995457427,0.7413426268705483,0.6230655858511422,0.35252049861403023,0.7748953905633872,0.7538939543397358,0.6171764850119537,{'var_smoothing': 1.1185007732124157e-06}
